{"cameraMode":{"drawMode":0,"name":"Shaded","section":"Shading Mode"},"sceneLighting":true,"audioPlay":false,"sceneViewState":{"showFog":true,"showMaterialUpdate":true,"showSkybox":true,"showFlares":true,"showImageEffects":true,"showParticleSystems":true},"in2DMode":false,"pivot":{"x":-393.73333740234377,"y":-43.0831298828125,"z":398.1121826171875},"rotation":{"x":-0.07539042830467224,"y":-0.9064747095108032,"z":0.18328557908535005,"w":-0.3729369640350342},"size":190.0810546875,"orthographic":false}