{"cameraMode":{"drawMode":0,"name":"Shaded","section":"Shading Mode"},"sceneLighting":false,"audioPlay":false,"sceneViewState":{"showFog":false,"showMaterialUpdate":false,"showSkybox":false,"showFlares":false,"showImageEffects":false,"showParticleSystems":false},"in2DMode":false,"pivot":{"x":-462.49639892578127,"y":2.2453842163085939,"z":472.162841796875},"rotation":{"x":0.28076356649398806,"y":-0.6332800388336182,"z":0.2666352391242981,"w":0.6704393029212952},"size":36.30972671508789,"orthographic":false}