{"cameraMode":{"drawMode":0,"name":"Shaded","section":"Shading Mode"},"sceneLighting":false,"audioPlay":false,"sceneViewState":{"showFog":false,"showMaterialUpdate":false,"showSkybox":false,"showFlares":false,"showImageEffects":false,"showParticleSystems":false},"in2DMode":false,"pivot":{"x":332.76385498046877,"y":-3133.633056640625,"z":4649.4365234375},"rotation":{"x":0.28596407175064089,"y":0.03429850563406944,"z":-0.0118884751573205,"w":0.9581407308578491},"size":6030.314453125,"orthographic":false}