{"cameraMode":{"drawMode":0,"name":"Shaded","section":"Shading Mode"},"sceneLighting":true,"audioPlay":false,"sceneViewState":{"showFog":false,"showMaterialUpdate":false,"showSkybox":false,"showFlares":false,"showImageEffects":false,"showParticleSystems":false},"in2DMode":false,"pivot":{"x":-306.9562072753906,"y":-13.681755065917969,"z":-273.1692199707031},"rotation":{"x":-0.3743011951446533,"y":0.5427478551864624,"z":-0.2886980473995209,"w":-0.6951970458030701},"size":31.362380981445314,"orthographic":false}