{"cameraMode":{"drawMode":0,"name":"Shaded","section":"Shading Mode"},"sceneLighting":true,"audioPlay":false,"sceneViewState":{"showFog":true,"showMaterialUpdate":true,"showSkybox":true,"showFlares":true,"showImageEffects":true,"showParticleSystems":true},"in2DMode":false,"pivot":{"x":600.822265625,"y":433.4095458984375,"z":-980.55908203125},"rotation":{"x":-0.03559858351945877,"y":0.05988897755742073,"z":0.0016106793191283942,"w":-0.9983207583427429},"size":112.13094329833985,"orthographic":false}