{"cameraMode":{"drawMode":0,"name":"Shaded","section":"Shading Mode"},"sceneLighting":true,"audioPlay":false,"sceneViewState":{"showFog":true,"showMaterialUpdate":true,"showSkybox":true,"showFlares":true,"showImageEffects":true,"showParticleSystems":true},"in2DMode":false,"pivot":{"x":717.58447265625,"y":-1303.577880859375,"z":1232.000732421875},"rotation":{"x":-0.34907782077789309,"y":-0.281929612159729,"z":0.11043056845664978,"w":-0.8872147798538208},"size":2192.735107421875,"orthographic":false}