{"cameraMode":{"drawMode":0,"name":"Shaded","section":"Shading Mode"},"sceneLighting":true,"audioPlay":false,"sceneViewState":{"showFog":true,"showMaterialUpdate":true,"showSkybox":true,"showFlares":true,"showImageEffects":true,"showParticleSystems":true},"in2DMode":false,"pivot":{"x":543.114990234375,"y":405.4664001464844,"z":-952.3087768554688},"rotation":{"x":-0.0072205569595098499,"y":-0.001413254183717072,"z":0.0033979506697505714,"w":-1.0007292032241822},"size":22.0,"orthographic":false}