{"cameraMode":{"drawMode":0,"name":"Shaded","section":"Shading Mode"},"sceneLighting":true,"audioPlay":false,"sceneViewState":{"showFog":true,"showMaterialUpdate":true,"showSkybox":true,"showFlares":true,"showImageEffects":true,"showParticleSystems":true},"in2DMode":false,"pivot":{"x":268.656005859375,"y":4.298078536987305,"z":263.1601257324219},"rotation":{"x":0.07062826305627823,"y":-0.8650631308555603,"z":0.12976254522800446,"w":0.4803251028060913},"size":37.23712158203125,"orthographic":false}