{"cameraMode":{"drawMode":0,"name":"Shaded","section":"Shading Mode"},"sceneLighting":true,"audioPlay":false,"sceneViewState":{"showFog":true,"showMaterialUpdate":true,"showSkybox":true,"showFlares":true,"showImageEffects":true,"showParticleSystems":true},"in2DMode":false,"pivot":{"x":-286.1338806152344,"y":-0.16447682678699494,"z":-283.8477783203125},"rotation":{"x":-0.16484665870666505,"y":-0.589917778968811,"z":0.12494910508394242,"w":-0.7813701033592224},"size":11.035625457763672,"orthographic":false}