{"cameraMode":{"drawMode":0,"name":"Shaded","section":"Shading Mode"},"sceneLighting":true,"audioPlay":false,"sceneViewState":{"showFog":true,"showMaterialUpdate":true,"showSkybox":true,"showFlares":true,"showImageEffects":true,"showParticleSystems":true},"in2DMode":false,"pivot":{"x":-75.97089385986328,"y":24.859573364257814,"z":-161.53414916992188},"rotation":{"x":0.06253590434789658,"y":0.9258719682693481,"z":-0.33001261949539187,"w":0.1767563372850418},"size":259.2708435058594,"orthographic":false}