{"cameraMode":{"drawMode":0,"name":"Shaded","section":"Shading Mode"},"sceneLighting":true,"audioPlay":false,"sceneViewState":{"showFog":true,"showMaterialUpdate":true,"showSkybox":true,"showFlares":true,"showImageEffects":true,"showParticleSystems":true},"in2DMode":false,"pivot":{"x":222.4884490966797,"y":-6.9193902015686039,"z":261.2190246582031},"rotation":{"x":0.20669445395469666,"y":-0.6862123012542725,"z":0.21539808809757234,"w":0.6639779806137085},"size":85.47370910644531,"orthographic":false}