{"cameraMode":{"drawMode":0,"name":"Shaded","section":"Shading Mode"},"sceneLighting":true,"audioPlay":false,"sceneViewState":{"showFog":true,"showMaterialUpdate":true,"showSkybox":true,"showFlares":true,"showImageEffects":true,"showParticleSystems":true},"in2DMode":false,"pivot":{"x":-82.05758666992188,"y":5.623396873474121,"z":-110.53174591064453},"rotation":{"x":-0.10990888625383377,"y":0.27556926012039187,"z":-0.030752018094062806,"w":-0.9550573229789734},"size":18.73978614807129,"orthographic":false}