{"cameraMode":{"drawMode":0,"name":"Shaded","section":"Shading Mode"},"sceneLighting":true,"audioPlay":false,"sceneViewState":{"showFog":true,"showMaterialUpdate":true,"showSkybox":true,"showFlares":true,"showImageEffects":true,"showParticleSystems":true},"in2DMode":false,"pivot":{"x":-285.0228271484375,"y":-34.4874382019043,"z":-35.13784408569336},"rotation":{"x":-0.073895163834095,"y":0.7270795702934265,"z":-0.0810161828994751,"w":-0.6784921884536743},"size":251.9729766845703,"orthographic":false}